{"cameraMode":{"drawMode":0,"name":"Shaded","section":"Shading Mode"},"sceneLighting":true,"audioPlay":false,"sceneViewState":{"m_AlwaysRefresh":false,"showFog":true,"showSkybox":true,"showFlares":true,"showImageEffects":true,"showParticleSystems":true,"showVisualEffectGraphs":true,"m_FxEnabled":true},"in2DMode":false,"pivot":{"x":-18.100671768188478,"y":0.9472051858901978,"z":22.62372398376465},"rotation":{"x":-0.003145833034068346,"y":-1.0000429153442383,"z":0.0020530379842966797,"w":0.0013059985358268023},"size":6.59633731842041,"orthographic":false}