{"cameraMode":{"drawMode":0,"name":"Shaded","section":"Shading Mode"},"sceneLighting":false,"audioPlay":false,"sceneViewState":{"m_AlwaysRefresh":false,"showFog":true,"showSkybox":false,"showFlares":true,"showImageEffects":true,"showParticleSystems":true,"showVisualEffectGraphs":true,"m_FxEnabled":true},"in2DMode":false,"pivot":{"x":-0.5947631597518921,"y":-2.6583175659179689,"z":1.7650935649871827},"rotation":{"x":-0.22136293351650239,"y":0.07072386145591736,"z":-0.01609683781862259,"w":-0.9724970459938049},"size":7.700614929199219,"orthographic":false}